1,0.047206,0.639932,0.031144,0.667391,0.000453,0.000316,0.816166,0.393431,0.964152,0.999738,0.796846,0.922086,0.864554,0.999093,0.000316,0.999816,0.083943,0.807802,0.001616,0.000316,0.000316,0.999836,0.995593,0.169594,0.998522,1,0.52800712,,,1,0.439416087
1,0.000842,0.062632,0.011253,0.000316,0.004906,0.000316,0.000316,0.00372,0.006125,0.000316,0.000316,0.003504,0.021306,0.000316,0.000316,0.000534,0.045556,0.000316,0.00349,0.000316,0.000316,0.002453,0.000316,0.181262,0.000577,1,0.01406544,,,1,0.232117942
1,0.001075,0.003205,0.009985,0.000316,0.000316,0.000316,0.000316,0.001333,0.002486,0.000316,0.000316,0.003519,0.022599,0.000894,0.000316,0.000316,0.032634,0.000316,0.002043,0.000316,0.000316,0.000316,0.000316,0.164817,0.000564,1,0.00997048,,,1,0.234302251
1,0.001075,0.003237,0.013418,0.000316,0.000316,0.000316,0.000316,0.00134,0.002489,0.000316,0.000316,0.00352,0.022753,0.000896,0.000316,0.000316,0.028972,0.000316,0.002043,0.000316,0.000316,0.000316,0.000316,0.173652,0.00058,1,0.01032332,,,1,0.234391844
1,0.987952,0.992405,0.983336,0.999951,0.98828,0.000316,0.001701,0.998575,0.997122,0.000316,0.000316,0.971173,0.966898,0.104822,0.000316,0.002772,0.074672,0.999541,0.994768,0.000316,0.000316,0.372531,0.001769,0.138174,0.019826,1,0.46392656,,,1,0.4218972
1,0.001041,0.001303,0.003776,0.000934,0.000316,0.000316,0.000374,0.010642,0.000316,0.976727,0.00811,0.002995,0.018382,0.000433,0.000316,0.005207,0.052862,0.000316,0.00204,0.000316,0.000316,0.001483,0.016711,0.14519,0.962784,1,0.08852824,,,1,0.261278476
1,0.98796,0.995039,0.983611,0.999951,0.989273,0.031662,0.999853,0.998607,0.997122,1,1,0.99648,0.966898,0.999099,0.000316,0.999846,0.111884,0.9998,0.995549,0.000316,0.000316,0.999836,0.999706,0.130321,0.998522,1,0.76727868,,,1,0.57011044
1,0.001059,0.004068,0.02578,0.000316,0.00284,0.006348,0.000964,0.032488,0.002582,0.000316,0.000316,0.003381,0.020925,0.000328,0.000316,0.001333,0.044688,0.000316,0.002002,0.000316,0.000316,0.001077,0.000316,0.150823,0.000316,1,0.0121412,,,1,0.232720935
1,0.983825,0.995117,0.983611,0.999951,0.989273,0.000316,0.999855,0.998607,0.997122,1,0.999994,0.996475,0.966898,0.999093,0.000316,0.999846,0.121756,0.999829,0.995549,0.000316,0.000316,0.999836,0.999706,0.116471,0.997654,1,0.76566928,,,1,0.568834487
1,0.987952,0.995117,0.983789,0.999952,0.989273,0.000316,0.999853,0.998607,0.997122,1,1,0.99648,0.966898,0.999093,0.000316,0.999846,0.100748,0.999796,0.995549,0.000316,0.000316,0.999836,0.999706,0.167683,0.998366,1,0.7670772,,,1,0.568661411
1,0.001075,0.003238,0.013365,0.000316,0.000316,0.000316,0.000316,0.00134,0.002489,0.000316,0.000316,0.00352,0.022754,0.000896,0.000316,0.000316,0.021563,0.000316,0.002043,0.000316,0.000316,0.000316,0.000316,0.181491,0.000579,1,0.01033844,,,1,0.234385047
1,0.987952,0.995117,0.983611,0.999951,0.989273,0.027388,0.999853,0.998607,0.997122,1,1,0.99648,0.966898,0.999093,0.000316,0.999846,0.114493,0.999829,0.995549,0.000316,0.000316,0.999836,0.999706,0.10073,0.998522,1,0.76603216,,,1,0.570237262
1,0.001072,0.001043,0.006238,0.000316,0.000316,0.003315,0.000316,0.003514,0.001963,0.058701,0.000329,0.003424,0.021588,0.001079,0.000316,0.000316,0.036352,0.000316,0.002031,0.000316,0.000316,0.000641,0.000485,0.161043,0.000468,1,0.01223256,,,1,0.233851135
1,0.987952,0.994413,0.983611,0.999951,0.989273,0.000316,0.999853,0.99861,0.997122,0.999991,1,0.99648,0.966898,0.999099,0.000316,0.999846,0.102228,0.999829,0.995549,0.000316,0.000316,0.999836,0.999706,0.129608,0.99821,1,0.76557316,,,1,0.569026967
1,0.001072,0.003055,0.010813,0.000316,0.000316,0.000316,0.000316,0.000822,0.002452,0.000316,0.000316,0.003517,0.022604,0.000752,0.000316,0.000316,0.057773,0.000316,0.002027,0.000316,0.000316,0.000316,0.000316,0.177058,0.000529,1,0.01146328,,,1,0.233868429
1,0.987952,0.995117,0.839363,0.999951,0.989273,0.000316,0.999852,0.998596,0.997122,1,0.99999,0.99648,0.966898,0.999093,0.000316,0.999846,0.136116,0.999822,0.187261,0.000316,0.000316,0.999836,0.999706,0.147184,0.998406,1,0.72956512,,,1,0.545363102
1,0.048237,0.63825,0.030437,0.667413,0.000316,0.000316,0.81617,0.39455,0.966627,0.999713,0.796846,0.925606,0.883752,0.999978,0.000316,0.999883,0.085288,0.807763,0.000427,0.000316,0.000316,0.999646,0.995596,0.142272,0.998874,1,0.52795632,,,,
1,0.000316,0.060951,0.010546,0.000316,0.004438,0.000316,0.000316,0.004839,0.008599,0.000316,0.000316,0.000316,0.002108,0.000743,0.000316,0.0006,0.046901,0.000316,0.005532,0.000316,0.000316,0.002262,0.000316,0.15394,0.000316,1,0.01222268,,,,
1,0.000316,0.004887,0.010692,0.000316,0.000468,0.000316,0.000316,0.000316,0.000316,0.000316,0.000316,0.000316,0.003401,0.000316,0.000316,0.000316,0.033979,0.000316,0.000316,0.000316,0.000316,0.000352,0.000316,0.137495,0.000316,1,0.00787848,,,,
1,0.000316,0.004919,0.014125,0.000316,0.000468,0.000316,0.000316,0.000316,0.000316,0.000316,0.000316,0.000316,0.003555,0.000316,0.000316,0.000316,0.030317,0.000316,0.000316,0.000316,0.000316,0.000353,0.000316,0.14633,0.000316,1,0.0082302,,,,
1,0.988983,0.990723,0.982629,0.999973,0.987812,0.000316,0.001705,0.999693,0.999596,0.000316,0.000316,0.974693,0.986096,0.105707,0.000316,0.002839,0.076017,0.999502,0.99681,0.000316,0.000316,0.372341,0.001772,0.110852,0.020178,1,0.46399268,,,,
1,0.000316,0.002984,0.003069,0.000956,0.000451,0.000316,0.000378,0.011761,0.00227,0.976702,0.00811,0.000525,0.000815,0.000452,0.000316,0.005273,0.054207,0.000316,0.000316,0.000316,0.000316,0.001293,0.016714,0.117868,0.963136,1,0.08676704,,,,
1,0.988991,0.993357,0.982904,0.999973,0.988805,0.031662,0.999857,0.999726,0.999596,0.999975,1,0.999999,0.986096,0.999983,0.000316,0.999913,0.113229,0.999761,0.997592,0.000316,0.000316,0.999646,0.999709,0.102999,0.998874,1,0.7673438,,,,
1,0.000316,0.002386,0.025073,0.000316,0.002372,0.006348,0.000968,0.033607,0.005056,0.000316,0.000316,0.000316,0.001727,0.000557,0.000316,0.0014,0.046033,0.000316,0.000316,0.000316,0.000316,0.000886,0.000316,0.123501,0.000316,1,0.01014824,,,,
1,0.984856,0.993435,0.982904,0.999973,0.988805,0.000316,0.999858,0.999726,0.999596,0.999975,0.999994,0.999995,0.986096,0.999978,0.000316,0.999913,0.123101,0.99979,0.997592,0.000316,0.000316,0.999646,0.999709,0.089149,0.998006,1,0.76573444,,,,
1,0.988983,0.993435,0.983082,0.999974,0.988805,0.000316,0.999857,0.999726,0.999596,0.999975,1,0.999999,0.986096,0.999978,0.000316,0.999913,0.102093,0.999757,0.997592,0.000316,0.000316,0.999646,0.999709,0.140361,0.998718,1,0.76714236,,,,
1,0.000316,0.004919,0.014072,0.000316,0.000468,0.000316,0.000316,0.000316,0.000316,0.000316,0.000316,0.000316,0.003556,0.000316,0.000316,0.000316,0.022908,0.000316,0.000316,0.000316,0.000316,0.000353,0.000316,0.154169,0.000316,1,0.00824532,,,,
1,0.988983,0.993435,0.982904,0.999973,0.988805,0.027388,0.999857,0.999726,0.999596,0.999975,1,0.999999,0.986096,0.999978,0.000316,0.999913,0.115837,0.99979,0.997592,0.000316,0.000316,0.999646,0.999709,0.073408,0.998874,1,0.76609728,,,,
1,0.000316,0.002725,0.005531,0.000316,0.000427,0.003315,0.000316,0.004633,0.000512,0.058675,0.000329,0.000316,0.00239,0.001964,0.000316,0.000316,0.037697,0.000316,0.000316,0.000316,0.000316,0.00045,0.000488,0.133721,0.000316,1,0.01025332,,,,
1,0.988983,0.992732,0.982904,0.999973,0.988805,0.000316,0.999857,0.999729,0.999596,0.999966,1,0.999999,0.986096,0.999984,0.000316,0.999913,0.103573,0.99979,0.997592,0.000316,0.000316,0.999646,0.999709,0.102286,0.998562,1,0.76563836,,,,
1,0.000316,0.004737,0.01152,0.000316,0.000468,0.000316,0.000316,0.000316,0.000316,0.000316,0.000316,0.000316,0.003406,0.000316,0.000316,0.000355,0.059118,0.000316,0.000316,0.000316,0.000316,0.000316,0.000316,0.149736,0.000316,1,0.00940112,,,,
1,0.988983,0.993435,0.838656,0.999973,0.988805,0.000316,0.999856,0.999715,0.999596,0.999975,0.99999,0.999999,0.986096,0.999978,0.000316,0.999913,0.137461,0.999783,0.189304,0.000316,0.000316,0.999646,0.999709,0.119862,0.998758,1,0.72963028,,,,
1,0.940746,0.355185,0.952583,0.33256,0.988009,0.002333,0.183687,0.60518,0.032969,0.000316,0.203146,0.074392,0.10176,0.000316,0.006689,0.000316,0.586261,0.192001,0.997165,0.000316,0.000316,0.000316,0.004113,0.126256,0.000316,1,0.26748988,,,,
1,0.988794,0.932485,0.972474,0.99979,0.983556,0.002597,0.99978,0.994891,0.990997,0.999441,0.999992,0.999982,0.987621,0.999235,0.006689,0.999312,0.624649,0.999793,0.992059,0.000316,0.000316,0.997384,0.999718,0.114589,0.999098,1,0.78342232,,,,
1,0.989027,0.998322,0.993712,0.999983,0.988462,0.002597,0.999994,0.999943,0.999608,0.999439,0.999992,0.999997,0.988913,0.999987,0.006689,0.999973,0.637571,0.999803,0.997592,0.000316,0.000316,0.999998,0.999725,0.131034,0.999086,1,0.78928316,,,,
1,0.989027,0.998354,0.997145,0.999983,0.988462,0.002597,0.999995,0.999951,0.99961,0.999441,0.999992,0.999999,0.989067,0.999988,0.006689,0.999978,0.641232,0.999803,0.997592,0.000316,0.000316,0.999999,0.999729,0.122199,0.999102,1,0.78922264,,,,
1,0.000316,0.002712,0.000391,0.000316,0.000316,0.002597,0.998152,0.000316,0.000316,0.99944,0.99992,0.025306,0.000584,0.89427,0.006689,0.997074,0.595533,0.000316,0.000781,0.000316,0.000316,0.627305,0.997938,0.157677,0.978696,1,0.33150372,,,,
1,0.988993,0.99642,0.979952,0.999017,0.988445,0.002597,0.999479,0.987968,0.997327,0.022714,0.991882,0.999473,0.984697,0.999526,0.006689,0.994639,0.617343,0.999787,0.997589,0.000316,0.000316,0.998353,0.982995,0.15066,0.035737,1,0.70891656,,,,
1,0.000316,0.000316,0.000316,0.000316,0.00081,0.029065,0.000316,0.000316,0.000316,0.000559,0.000316,0.000316,0.000584,0.000316,0.006689,0.000316,0.558321,0.000316,0.000316,0.000316,0.000316,0.000316,0.000316,0.16553,0.000316,1,0.03068984,,,,
1,0.989011,0.991049,0.957947,0.999752,0.985622,0.003752,0.998889,0.966122,0.99454,0.9994,0.999974,0.99986,0.98724,0.999421,0.006689,0.998513,0.625516,0.999802,0.997552,0.000316,0.000316,0.99876,0.999587,0.145028,0.998715,1,0.78573492,,,,
1,0.004127,0.000316,0.000316,0.000316,0.00081,0.002597,0.000316,0.000316,0.000316,0.000559,0.000316,0.000316,0.000584,0.000316,0.006689,0.000316,0.548449,0.000316,0.000316,0.000316,0.000316,0.000316,0.000316,0.179379,0.000868,1,0.02996472,,,,
1,0.000316,0.000316,0.000316,0.000316,0.00081,0.002614,0.000316,0.000316,0.000316,0.000559,0.000316,0.000316,0.000584,0.000316,0.006689,0.000316,0.569456,0.000316,0.000316,0.000316,0.000316,0.000316,0.000316,0.128168,0.000316,1,0.02858272,,,,
1,0.989027,0.998354,0.997093,0.999983,0.988462,0.002597,0.999995,0.99995,0.99961,0.999441,0.999992,0.999999,0.989068,0.999988,0.006689,0.999978,0.648641,0.999803,0.997592,0.000316,0.000316,0.999999,0.999729,0.11436,0.999101,1,0.78920332,,,,
1,0.000316,0.000316,0.000316,0.000316,0.00081,0.024791,0.000316,0.000316,0.000316,0.000559,0.000316,0.000316,0.000584,0.000316,0.006689,0.000316,0.555712,0.000316,0.000316,0.000316,0.000316,0.000316,0.000316,0.195121,0.000316,1,0.03159816,,,,
1,0.989024,0.99616,0.977489,0.99998,0.988422,0.000718,0.999809,0.995096,0.999084,0.94074,0.999663,0.999902,0.987902,0.998014,0.006689,0.999772,0.633853,0.999724,0.99758,0.000316,0.000316,0.999196,0.999221,0.134808,0.99899,1,0.78569872,,,,
1,0.000316,0.000704,0.000316,0.000316,0.00081,0.002597,0.000316,0.000316,0.000316,0.00055,0.000316,0.000316,0.000584,0.000316,0.006689,0.000316,0.567976,0.000316,0.000316,0.000316,0.000316,0.000316,0.000316,0.166243,0.000316,1,0.030061,,,,
1,0.989024,0.998172,0.994541,0.999981,0.988462,0.002597,0.99978,0.999433,0.999573,0.999426,0.999992,0.999996,0.988919,0.999845,0.006689,0.999558,0.612432,0.999803,0.997576,0.000316,0.000316,0.999908,0.999556,0.118793,0.99905,1,0.78774952,,,,
1,0.000316,0.000316,0.144364,0.000316,0.00081,0.002597,0.000316,0.000316,0.000316,0.000559,0.000316,0.000316,0.000584,0.000316,0.006689,0.000316,0.534088,0.000316,0.808288,0.000316,0.000316,0.000316,0.000316,0.148667,0.000316,1,0.06606808,,,,
1,0.048281,0.634902,0.02903,0.666275,0.002004,0.000316,0.814682,0.384239,0.962554,0.999696,0.796844,0.920002,0.54052,0.999615,0.000316,0.999118,0.084402,0.807365,0.002441,0.000316,0.000316,0.999205,0.995557,0.15198,0.997468,1,0.51349776,,,,
1,0.000316,0.057602,0.009139,0.000954,0.002449,0.000316,0.001411,0.005473,0.004526,0.000316,0.000316,0.005588,0.34534,0.000381,0.000316,0.000316,0.046014,0.000426,0.002664,0.000316,0.000316,0.001821,0.000316,0.163648,0.00163,1,0.0260764,,,,
1,0.000316,0.008235,0.0121,0.001148,0.002457,0.000316,0.001625,0.010525,0.004084,0.000316,0.000316,0.005603,0.346632,0.000371,0.000316,0.000825,0.033093,0.000436,0.002868,0.000316,0.000316,0.000794,0.000316,0.147203,0.001618,1,0.0232858,,,,
1,0.000316,0.008268,0.015532,0.001148,0.002457,0.000316,0.001626,0.010532,0.004087,0.000316,0.000316,0.005605,0.346786,0.000373,0.000316,0.00083,0.029431,0.000436,0.002868,0.000316,0.000316,0.000794,0.000316,0.156038,0.001634,1,0.02363892,,,,
1,0.989027,0.987375,0.981222,0.998836,0.985823,0.000316,0.000316,0.989382,0.995523,0.000316,0.000316,0.969088,0.642865,0.105345,0.000316,0.002074,0.07513,0.999105,0.993942,0.000316,0.000316,0.3719,0.001733,0.12056,0.018772,1,0.44919656,,,,
1,0.000316,0.006333,0.001661,0.000316,0.00244,0.000316,0.00111,0.00145,0.001803,0.976684,0.008108,0.005079,0.342416,0.000316,0.000316,0.004509,0.053321,0.00042,0.002866,0.000316,0.000316,0.000852,0.016676,0.127576,0.961731,1,0.10068988,,,,
1,0.989035,0.990009,0.981497,0.998836,0.986815,0.031662,0.998369,0.989415,0.995523,0.999957,0.999998,0.994395,0.642865,0.999621,0.000316,0.999148,0.112342,0.999364,0.994723,0.000316,0.000316,0.999205,0.999671,0.112707,0.997468,1,0.75254292,,,,
1,0.000316,0.000962,0.023666,0.000916,0.000383,0.006348,0.00052,0.023296,0.000983,0.000316,0.000316,0.005466,0.344959,0.000316,0.000316,0.000636,0.045147,0.000435,0.002828,0.000316,0.000316,0.000445,0.000316,0.133209,0.001247,1,0.02375896,,,,
1,0.9849,0.990087,0.981497,0.998836,0.986815,0.000316,0.99837,0.989415,0.995523,0.999957,0.999992,0.994391,0.642865,0.999615,0.000316,0.999148,0.122215,0.999393,0.994723,0.000316,0.000316,0.999205,0.999671,0.098857,0.996601,1,0.7509336,,,,
1,0.989027,0.990087,0.981674,0.998837,0.986815,0.000316,0.998369,0.989415,0.995523,0.999957,0.999998,0.994395,0.642865,0.999615,0.000316,0.999148,0.101207,0.99936,0.994723,0.000316,0.000316,0.999205,0.999671,0.150069,0.997313,1,0.75234148,,,,
1,0.000316,0.008268,0.01548,0.001148,0.002457,0.000316,0.001626,0.010532,0.004087,0.000316,0.000316,0.005605,0.346788,0.000373,0.000316,0.00083,0.022022,0.000436,0.002868,0.000316,0.000316,0.000794,0.000316,0.163877,0.001633,1,0.02365408,,,,
1,0.989027,0.990087,0.981497,0.998836,0.986815,0.027388,0.998369,0.989415,0.995523,0.999957,0.999998,0.994395,0.642865,0.999615,0.000316,0.999148,0.114951,0.999393,0.994723,0.000316,0.000316,0.999205,0.999671,0.083116,0.997468,1,0.7512964,,,,
1,0.000316,0.006073,0.004124,0.001144,0.002416,0.003315,0.00144,0.005678,0.003561,0.058658,0.000327,0.005508,0.345621,0.001601,0.000316,0.000624,0.036811,0.000357,0.002857,0.000316,0.000316,0.000316,0.00045,0.143429,0.001521,1,0.0250838,,,,
1,0.989027,0.989383,0.981497,0.998836,0.986815,0.000316,0.998369,0.989418,0.995523,0.999948,0.999998,0.994395,0.642865,0.999622,0.000316,0.999148,0.102687,0.999393,0.994723,0.000316,0.000316,0.999205,0.999671,0.111993,0.997157,1,0.75083748,,,,
1,0.000316,0.008085,0.012928,0.001146,0.002457,0.000316,0.001411,0.010015,0.00405,0.000316,0.000316,0.005602,0.346638,0.000316,0.000316,0.00041,0.058231,0.000436,0.002853,0.000316,0.000316,0.000703,0.000316,0.159443,0.001582,1,0.02475336,,,,
1,0.989027,0.990087,0.837249,0.998835,0.986815,0.000316,0.998368,0.989403,0.995523,0.999957,0.999988,0.994395,0.642865,0.999615,0.000316,0.999148,0.136575,0.999386,0.186435,0.000316,0.000316,0.999205,0.999671,0.12957,0.997352,1,0.71482932,,,,
1,0.027483,0.643124,0.008521,0.656159,0.054277,0.000316,0.816307,0.602135,0.93033,0.015013,0.796846,0.920456,0.797304,0.992326,0.000316,0.939898,0.083536,0.807453,0.00041,0.000316,0.000316,0.999557,0.995336,0.173889,0.998985,1,0.49042436,,,,
1,0.020565,0.065824,0.028412,0.011071,0.049824,0.000316,0.000316,0.991847,0.027698,0.984725,0.000316,0.005134,0.088556,0.006908,0.000316,0.059384,0.045149,0.000339,0.005515,0.000316,0.000316,0.002173,0.000316,0.185557,0.000316,1,0.10324836,,,,
1,0.020797,0.000316,0.049651,0.011264,0.054731,0.000316,0.000316,0.996899,0.036308,0.984723,0.000316,0.005149,0.089848,0.00766,0.000316,0.060045,0.032227,0.000349,0.000316,0.000316,0.000316,0.000441,0.000316,0.169112,0.000316,1,0.10089456,,,,
1,0.020797,0.000316,0.053083,0.011264,0.054731,0.000316,0.000316,0.996906,0.036311,0.984725,0.000316,0.005151,0.090002,0.007662,0.000316,0.06005,0.028565,0.000349,0.000316,0.000316,0.000316,0.000442,0.000316,0.177947,0.000316,1,0.1012458,,,,
1,0.96823,0.995597,0.943671,0.988719,0.93355,0.000316,0.001842,0.003008,0.963299,0.984724,0.000316,0.969542,0.899648,0.098056,0.000316,0.057145,0.074265,0.999192,0.996793,0.000316,0.000316,0.372252,0.001512,0.142469,0.020289,1,0.45661532,,,,
1,0.020763,0.001889,0.03589,0.010298,0.054713,0.000316,0.000515,0.984924,0.034027,0.007998,0.00811,0.004625,0.085632,0.0072,0.000316,0.054711,0.052455,0.000333,0.000316,0.000316,0.000316,0.001204,0.016454,0.149485,0.963248,1,0.09984216,,,,
1,0.968238,0.998231,0.943946,0.988719,0.934542,0.031662,0.999994,0.003041,0.963299,0.015275,1,0.994849,0.899648,0.992332,0.000316,0.939928,0.111477,0.999451,0.997575,0.000316,0.000316,0.999557,0.999449,0.134615,0.998985,1,0.67663044,,,,
1,0.020781,0.00726,0.013885,0.011033,0.05189,0.006348,0.001105,0.963078,0.031241,0.984684,0.000316,0.005012,0.088175,0.007094,0.000316,0.058584,0.044281,0.000347,0.000316,0.000316,0.000316,0.000797,0.000316,0.155118,0.000316,1,0.098117,,,,
1,0.964102,0.998309,0.943946,0.988719,0.934542,0.000316,0.999995,0.003041,0.963299,0.015275,0.999994,0.994845,0.899648,0.992326,0.000316,0.939928,0.121349,0.99948,0.997575,0.000316,0.000316,0.999557,0.999449,0.120766,0.998117,1,0.67502104,,,,
1,0.96823,0.998309,0.944123,0.98872,0.934542,0.000316,0.999994,0.003041,0.963299,0.015275,1,0.994849,0.899648,0.992326,0.000316,0.939928,0.100341,0.999447,0.997575,0.000316,0.000316,0.999557,0.999449,0.171977,0.998829,1,0.67642892,,,,
1,0.020797,0.000316,0.053031,0.011264,0.054731,0.000316,0.000316,0.996906,0.036311,0.984725,0.000316,0.005151,0.090004,0.007662,0.000316,0.06005,0.021156,0.000349,0.000316,0.000316,0.000316,0.000442,0.000316,0.185786,0.000316,1,0.101261,,,,
1,0.96823,0.998309,0.943946,0.988719,0.934542,0.027388,0.999994,0.003041,0.963299,0.015275,1,0.994849,0.899648,0.992326,0.000316,0.939928,0.114085,0.99948,0.997575,0.000316,0.000316,0.999557,0.999449,0.105024,0.998985,1,0.67538388,,,,
1,0.020794,0.002149,0.033427,0.011261,0.05469,0.003315,0.000316,0.992052,0.035785,0.926024,0.000329,0.005054,0.088837,0.005688,0.000316,0.059844,0.035945,0.000316,0.000316,0.000316,0.000316,0.000361,0.000316,0.165338,0.000316,1,0.09773684,,,,
1,0.96823,0.997606,0.943946,0.988719,0.934542,0.000316,0.999994,0.003044,0.963299,0.015266,1,0.994849,0.899648,0.992333,0.000316,0.939928,0.101821,0.99948,0.997575,0.000316,0.000316,0.999557,0.999449,0.133902,0.998674,1,0.67492504,,,,
1,0.020795,0.000316,0.050479,0.011262,0.05473,0.000316,0.000316,0.996388,0.036274,0.98471,0.000316,0.005148,0.089854,0.007519,0.000316,0.05963,0.057366,0.000349,0.000316,0.000316,0.000316,0.000351,0.000316,0.181352,0.000316,1,0.10237468,,,,
1,0.96823,0.998309,0.799698,0.988719,0.934542,0.000316,0.999993,0.00303,0.963299,0.015275,0.99999,0.994849,0.899648,0.992326,0.000316,0.939928,0.135709,0.999473,0.189287,0.000316,0.000316,0.999557,0.999449,0.151478,0.998869,1,0.63891688,,,,
1,0.100162,0.586332,0.138282,0.076702,0.009539,0.003791,0.724659,0.605132,0.859977,0.995503,0.786829,0.820003,0.299524,0.718343,0.000316,0.918764,0.609375,0.800456,0.06694,0.000316,0.000316,0.571525,0.987336,0.164072,0.881001,1,0.4690078,,,,
1,0.14821,0.009033,0.158173,0.590528,0.005086,0.004055,0.091434,0.994843,0.098051,0.004235,0.010017,0.105587,0.586336,0.280892,0.000316,0.080518,0.647763,0.007336,0.061835,0.000316,0.000316,0.425858,0.008269,0.152405,0.118098,1,0.1835804,,,,
1,0.148443,0.056805,0.179411,0.590721,0.009992,0.004055,0.091648,0.999896,0.106662,0.004233,0.010017,0.105602,0.587629,0.281644,0.000316,0.081179,0.660684,0.007346,0.067367,0.000316,0.000316,0.428473,0.008276,0.168849,0.118086,1,0.18871864,,,,
1,0.148443,0.056837,0.182844,0.590721,0.009992,0.004055,0.09165,0.999903,0.106665,0.004235,0.010017,0.105604,0.587783,0.281646,0.000316,0.081184,0.664346,0.007346,0.067367,0.000316,0.000316,0.428474,0.00828,0.160015,0.118101,1,0.18865824,,,,
1,0.840584,0.938805,0.81391,0.409262,0.978288,0.004055,0.089806,0.000316,0.892946,0.004234,0.009944,0.86909,0.401868,0.175928,0.000316,0.078279,0.618647,0.992195,0.929443,0.000316,0.000316,0.05578,0.006488,0.195493,0.097696,1,0.3761602,,,,
1,0.148408,0.054902,0.16565,0.589755,0.009975,0.004055,0.091133,0.98792,0.104381,0.972492,0.001906,0.105078,0.583412,0.281183,0.000316,0.075845,0.640456,0.00733,0.067365,0.000316,0.000316,0.426828,0.008455,0.188476,0.845263,1,0.25444864,,,,
1,0.840592,0.941439,0.814185,0.409262,0.97928,0.027607,0.908346,0.000316,0.892946,0.995765,0.989983,0.894396,0.401868,0.718348,0.000316,0.918794,0.581435,0.992454,0.930225,0.000316,0.000316,0.571525,0.99145,0.203346,0.881001,1,0.63542044,,,,
1,0.148426,0.049532,0.143646,0.59049,0.007152,0.002293,0.090544,0.966075,0.101594,0.004195,0.009999,0.105464,0.585955,0.281078,0.000316,0.079718,0.64863,0.007344,0.067327,0.000316,0.000316,0.427234,0.008137,0.182844,0.117715,1,0.1850536,,,,
1,0.836457,0.941517,0.814185,0.409262,0.97928,0.004055,0.908347,0.000316,0.892946,0.995765,0.989978,0.894392,0.401868,0.718343,0.000316,0.918794,0.571563,0.992483,0.930225,0.000316,0.000316,0.571525,0.99145,0.217195,0.880133,1,0.63444108,,,,
1,0.840584,0.941517,0.814363,0.409263,0.97928,0.004072,0.908346,0.000316,0.892946,0.995765,0.989983,0.894396,0.401868,0.718343,0.000316,0.918794,0.59257,0.99245,0.930225,0.000316,0.000316,0.571525,0.99145,0.165984,0.880845,1,0.63343332,,,,
1,0.148443,0.056837,0.182791,0.590721,0.009992,0.004055,0.09165,0.999902,0.106664,0.004235,0.010017,0.105604,0.587784,0.281646,0.000316,0.081184,0.671755,0.007346,0.067367,0.000316,0.000316,0.428474,0.00828,0.152175,0.1181,1,0.1886388,,,,
1,0.840584,0.941517,0.814185,0.409262,0.97928,0.023333,0.908346,0.000316,0.892946,0.995765,0.989983,0.894396,0.401868,0.718343,0.000316,0.918794,0.578826,0.992483,0.930225,0.000316,0.000316,0.571525,0.99145,0.232937,0.881001,1,0.63633252,,,,
1,0.14844,0.054643,0.163188,0.590718,0.009951,0.00074,0.091463,0.995048,0.106138,0.054465,0.009687,0.105507,0.586618,0.279671,0.000316,0.080978,0.656967,0.007267,0.067356,0.000316,0.000316,0.42767,0.007771,0.172623,0.117989,1,0.18943384,,,,
1,0.840584,0.940814,0.814185,0.409262,0.97928,0.004055,0.908346,0.000316,0.892946,0.995756,0.989983,0.894396,0.401868,0.718349,0.000316,0.918794,0.59109,0.992483,0.930225,0.000316,0.000316,0.571525,0.99145,0.204059,0.880689,1,0.63485612,,,,
1,0.14844,0.056655,0.18024,0.590719,0.009992,0.004055,0.091434,0.999385,0.106628,0.00422,0.010017,0.105601,0.587634,0.281502,0.000316,0.080764,0.635546,0.007346,0.067351,0.000316,0.000316,0.428383,0.008106,0.156609,0.11805,1,0.187185,,,,
1,0.840584,0.941517,0.669937,0.409262,0.97928,0.004055,0.908345,0.000316,0.892946,0.995765,0.989973,0.894396,0.401868,0.718343,0.000316,0.918794,0.557202,0.992476,0.121937,0.000316,0.000316,0.571525,0.99145,0.186483,0.880885,1,0.59473148,,,,
1,0.047392,0.522634,0.169938,0.662468,0.008915,0.000398,0.768603,0.389564,0.911618,0.994421,0.793366,0.920461,0.839011,0.99575,0.00197,0.991245,0.487115,0.807755,0.019578,0.000316,0.000316,0.99153,0.970598,0.16228,0.993069,1,0.53801244,,,,
1,0.000656,0.054665,0.189829,0.004761,0.004463,0.000662,0.04749,0.000316,0.04641,0.005318,0.00348,0.005129,0.046849,0.003485,0.00197,0.008037,0.525503,0.000316,0.014473,0.000316,0.000316,0.005854,0.025007,0.150613,0.006029,1,0.04607788,,,,
1,0.000889,0.120503,0.211067,0.004954,0.009369,0.000662,0.047705,0.005199,0.055021,0.005316,0.00348,0.005144,0.048141,0.004237,0.00197,0.008698,0.538424,0.000316,0.020005,0.000316,0.000316,0.008469,0.025014,0.167057,0.006017,1,0.05193156,,,,
1,0.000889,0.120535,0.2145,0.004954,0.009369,0.000662,0.047706,0.005207,0.055024,0.005318,0.00348,0.005145,0.048295,0.004239,0.00197,0.008703,0.542086,0.000316,0.020005,0.000316,0.000316,0.008469,0.025018,0.158222,0.006033,1,0.05187108,,,,
1,0.988138,0.875107,0.782254,0.995029,0.978912,0.000662,0.045863,0.994708,0.944587,0.005317,0.003407,0.969548,0.941356,0.101479,0.00197,0.005798,0.496387,0.999495,0.976805,0.000316,0.000316,0.364225,0.023226,0.193701,0.014373,1,0.46811916,,,,
1,0.000855,0.1186,0.197306,0.003988,0.009352,0.000662,0.04719,0.006776,0.05274,0.971409,0.004631,0.00462,0.043925,0.003776,0.00197,0.003364,0.518196,0.000316,0.020003,0.000316,0.000316,0.006823,0.008283,0.186684,0.957332,1,0.12677732,,,,
1,0.988146,0.877741,0.782529,0.995029,0.979904,0.031,0.952289,0.99474,0.944587,0.994682,0.99652,0.994855,0.941356,0.995755,0.00197,0.991275,0.459175,0.999753,0.977587,0.000316,0.000316,0.99153,0.974712,0.201554,0.993069,1,0.7624156,,,,
1,0.000873,0.11323,0.175302,0.004723,0.006529,0.005687,0.0466,0.028621,0.049953,0.005277,0.003462,0.005006,0.046468,0.003671,0.00197,0.007237,0.52637,0.000316,0.019965,0.000316,0.000316,0.00723,0.024875,0.181051,0.005646,1,0.05082776,,,,
1,0.984011,0.877819,0.782529,0.995029,0.979904,0.000662,0.952291,0.99474,0.944587,0.994682,0.996514,0.99485,0.941356,0.99575,0.00197,0.991275,0.449303,0.999782,0.977587,0.000316,0.000316,0.99153,0.974712,0.215403,0.992201,1,0.76116476,,,,
1,0.988138,0.877819,0.782706,0.99503,0.979904,0.000678,0.952289,0.99474,0.944587,0.994682,0.99652,0.994855,0.941356,0.99575,0.00197,0.991275,0.47031,0.999749,0.977587,0.000316,0.000316,0.99153,0.974712,0.164192,0.992913,1,0.76015696,,,,
1,0.000889,0.120535,0.214448,0.004954,0.009369,0.000662,0.047706,0.005206,0.055023,0.005318,0.00348,0.005145,0.048297,0.004239,0.00197,0.008703,0.549495,0.000316,0.020005,0.000316,0.000316,0.008469,0.025018,0.150383,0.006032,1,0.05185176,,,,
1,0.988138,0.877819,0.782529,0.995029,0.979904,0.026726,0.952289,0.99474,0.944587,0.994682,0.99652,0.994855,0.941356,0.99575,0.00197,0.991275,0.456566,0.999782,0.977587,0.000316,0.000316,0.99153,0.974712,0.231145,0.993069,1,0.76332768,,,,
1,0.000886,0.118341,0.194844,0.004951,0.009328,0.002653,0.047519,0.000352,0.054497,0.053383,0.00315,0.005049,0.04713,0.002264,0.00197,0.008497,0.534707,0.000316,0.019994,0.000316,0.000316,0.007666,0.024509,0.170831,0.005921,1,0.0527756,,,,
1,0.988138,0.877116,0.782529,0.995029,0.979904,0.000662,0.952289,0.994743,0.944587,0.994673,0.99652,0.994855,0.941356,0.995756,0.00197,0.991275,0.46883,0.999782,0.977587,0.000316,0.000316,0.99153,0.974712,0.202267,0.992758,1,0.76158,,,,
1,0.000886,0.120353,0.211896,0.004953,0.009369,0.000662,0.047491,0.004689,0.054986,0.005303,0.00348,0.005142,0.048147,0.004095,0.00197,0.008283,0.513286,0.000316,0.019989,0.000316,0.000316,0.008378,0.024844,0.154817,0.005981,1,0.05039792,,,,
1,0.988138,0.877819,0.638281,0.995028,0.979904,0.000662,0.952288,0.994729,0.944587,0.994682,0.99651,0.994855,0.941356,0.99575,0.00197,0.991275,0.434942,0.999775,0.169299,0.000316,0.000316,0.99153,0.974712,0.184691,0.992953,1,0.72145472,,,,
1,0.661155,0.353909,0.952439,0.322093,0.988819,0.000316,0.111561,0.605144,0.032969,0.110335,0.693659,0.011104,0.102344,0.000316,0.000316,0.000316,0.703983,0.191405,0.997165,0.000316,0.000316,0.000316,0.002773,0.148732,0.000316,1,0.27968468,,,,
1,0.709203,0.931209,0.97233,0.989323,0.984366,0.000316,0.927654,0.994855,0.990997,0.889404,0.103187,0.914486,0.988204,0.999235,0.000316,0.999303,0.74237,0.999196,0.992059,0.000316,0.000316,0.997384,0.998378,0.137065,0.999098,1,0.7304228,,,,
1,0.709436,0.997046,0.993569,0.989516,0.989273,0.000316,0.927868,0.999908,0.999608,0.889401,0.103187,0.914501,0.989497,0.999987,0.000316,0.999965,0.755292,0.999206,0.997592,0.000316,0.000316,0.999998,0.998385,0.153509,0.999086,1,0.73628376,,,,
1,0.709436,0.997078,0.997001,0.989516,0.989273,0.000316,0.927869,0.999915,0.99961,0.889404,0.103187,0.914503,0.989651,0.999988,0.000316,0.99997,0.758954,0.999206,0.997592,0.000316,0.000316,0.999999,0.998389,0.144675,0.999102,1,0.73622328,,,,
1,0.279591,0.001436,0.000316,0.010467,0.000992,0.000316,0.926026,0.000316,0.000316,0.889403,0.103114,0.06019,0.000316,0.89427,0.000316,0.997065,0.713254,0.000335,0.000781,0.000316,0.000316,0.627305,0.996597,0.180153,0.978696,1,0.30648812,,,,
1,0.709401,0.995144,0.979808,0.98855,0.989256,0.000316,0.927353,0.987933,0.997327,0.087323,0.095077,0.913977,0.985281,0.999526,0.000316,0.994631,0.735064,0.99919,0.997589,0.000316,0.000316,0.998353,0.981655,0.173136,0.035737,1,0.662903,,,,
1,0.279599,0.001198,0.000316,0.010467,0.000316,0.031662,0.072126,0.000316,0.000316,0.110596,0.896813,0.085497,0.000316,0.000316,0.000316,0.000316,0.676042,0.000594,0.000316,0.000316,0.000316,0.000316,0.00134,0.188006,0.000316,1,0.09432192,,,,
1,0.709419,0.989773,0.957803,0.989285,0.986433,0.006348,0.926763,0.966087,0.99454,0.889363,0.103169,0.914364,0.987823,0.999421,0.000316,0.998504,0.743238,0.999205,0.997552,0.000316,0.000316,0.99876,0.998247,0.167504,0.998715,1,0.73293056,,,,
1,0.275464,0.001276,0.000316,0.010467,0.000316,0.000316,0.072128,0.000316,0.000316,0.110596,0.896807,0.085493,0.000316,0.000316,0.000316,0.000316,0.66617,0.000623,0.000316,0.000316,0.000316,0.000316,0.00134,0.201855,0.000868,1,0.0930878,,,,
1,0.279591,0.001276,0.000316,0.010468,0.000316,0.000316,0.072126,0.000316,0.000316,0.110596,0.896813,0.085497,0.000316,0.000316,0.000316,0.000316,0.687178,0.00059,0.000316,0.000316,0.000316,0.000316,0.00134,0.150644,0.000316,1,0.09202172,,,,
1,0.709436,0.997079,0.996949,0.989516,0.989273,0.000316,0.927869,0.999915,0.99961,0.889404,0.103187,0.914503,0.989652,0.999988,0.000316,0.999969,0.766363,0.999206,0.997592,0.000316,0.000316,0.999999,0.998389,0.136835,0.999101,1,0.73620396,,,,
1,0.279591,0.001276,0.000316,0.010467,0.000316,0.027388,0.072126,0.000316,0.000316,0.110596,0.896813,0.085497,0.000316,0.000316,0.000316,0.000316,0.673433,0.000623,0.000316,0.000316,0.000316,0.000316,0.00134,0.217597,0.000316,1,0.0952342,,,,
1,0.709433,0.994884,0.977345,0.989512,0.989232,0.003315,0.927683,0.995061,0.999084,0.830703,0.102857,0.914406,0.988486,0.998014,0.000316,0.999763,0.751574,0.999127,0.99758,0.000316,0.000316,0.999196,0.997881,0.157283,0.99899,1,0.73289428,,,,
1,0.279591,0.000572,0.000316,0.010467,0.000316,0.000316,0.072126,0.000316,0.000316,0.110587,0.896813,0.085497,0.000316,0.000316,0.000316,0.000316,0.685698,0.000623,0.000316,0.000316,0.000316,0.000316,0.00134,0.188719,0.000316,1,0.09345828,,,,
1,0.709433,0.996896,0.994397,0.989514,0.989272,0.000316,0.927654,0.999397,0.999573,0.889389,0.103187,0.9145,0.989502,0.999845,0.000316,0.999549,0.730153,0.999206,0.997576,0.000316,0.000316,0.999908,0.998215,0.141269,0.99905,1,0.73474996,,,,
1,0.279591,0.001276,0.14422,0.010467,0.000316,0.000316,0.072125,0.000316,0.000316,0.110596,0.896803,0.085497,0.000316,0.000316,0.000316,0.000316,0.65181,0.000616,0.808288,0.000316,0.000316,0.000316,0.00134,0.171143,0.000316,1,0.12950256,,,,
1,0.019197,0.604959,0.137321,0.615159,0.006346,0.000316,0.770421,0.35721,0.375732,0.976352,0.774505,0.922067,0.857554,0.82055,0.000316,0.954573,0.585389,0.051266,0.215915,0.000316,0.000316,0.218139,0.073849,0.175451,0.000316,1,0.3805414,,,,
1,0.028851,0.02766,0.157212,0.05207,0.001893,0.000316,0.045672,0.032501,0.582296,0.023387,0.022341,0.003523,0.028306,0.178685,0.000316,0.044709,0.623777,0.859058,0.21081,0.000316,0.000316,0.779245,0.921756,0.163783,0.999019,1,0.23151272,,,,
1,0.029084,0.038178,0.17845,0.052263,0.0068,0.000316,0.045886,0.037554,0.590907,0.023385,0.022341,0.003538,0.029598,0.179437,0.000316,0.04537,0.636698,0.859068,0.216342,0.000316,0.000316,0.78186,0.921763,0.180228,0.999007,1,0.23516084,,,,
1,0.029084,0.03821,0.181883,0.052263,0.0068,0.000316,0.045887,0.037561,0.590909,0.023387,0.022341,0.00354,0.029753,0.179439,0.000316,0.045375,0.64036,0.859068,0.216343,0.000316,0.000316,0.78186,0.921767,0.171393,0.999023,1,0.2351004,,,,
1,0.959943,0.957432,0.814871,0.94772,0.981481,0.000316,0.044044,0.962354,0.408701,0.023386,0.022269,0.971154,0.959898,0.073721,0.000316,0.04247,0.594661,0.140473,0.780468,0.000316,0.000316,0.409166,0.919975,0.206871,0.978617,1,0.48803756,,,,
1,0.029049,0.036275,0.164689,0.051298,0.006782,0.000316,0.045371,0.025578,0.588626,0.95334,0.014231,0.003014,0.025382,0.178976,0.000316,0.040036,0.61647,0.859052,0.21634,0.000316,0.000316,0.780214,0.905033,0.199855,0.035658,1,0.23106132,,,,
1,0.959951,0.960066,0.815146,0.94772,0.982473,0.031662,0.954108,0.962386,0.408701,0.976613,0.977659,0.99646,0.959898,0.820555,0.000316,0.954603,0.557448,0.140732,0.781249,0.000316,0.000316,0.218139,0.077962,0.214724,0.000316,1,0.58798076,,,,
1,0.029067,0.030905,0.142685,0.052032,0.003959,0.006348,0.044782,0.003733,0.585839,0.023346,0.022323,0.0034,0.027925,0.178871,0.000316,0.043909,0.624644,0.859066,0.216302,0.000316,0.000316,0.780621,0.921625,0.194222,0.998636,1,0.23180752,,,,
1,0.955816,0.960144,0.815146,0.94772,0.982473,0.000316,0.954109,0.962386,0.408701,0.976613,0.977653,0.996456,0.959898,0.82055,0.000316,0.954603,0.547576,0.140761,0.781249,0.000316,0.000316,0.218139,0.077962,0.228574,0.000789,1,0.58674328,,,,
1,0.959943,0.960144,0.815324,0.947721,0.982473,0.000316,0.954108,0.962386,0.408701,0.976613,0.977659,0.99646,0.959898,0.82055,0.000316,0.954603,0.568584,0.140728,0.781249,0.000316,0.000316,0.218139,0.077962,0.177363,0.000316,1,0.58568752,,,,
1,0.029084,0.03821,0.18183,0.052263,0.0068,0.000316,0.045887,0.03756,0.590909,0.023387,0.022341,0.00354,0.029754,0.179439,0.000316,0.045375,0.647769,0.859068,0.216343,0.000316,0.000316,0.78186,0.921767,0.163554,0.999022,1,0.23508104,,,,
1,0.959943,0.960144,0.815146,0.94772,0.982473,0.027388,0.954108,0.962386,0.408701,0.976613,0.977659,0.99646,0.959898,0.82055,0.000316,0.954603,0.55484,0.140761,0.781249,0.000316,0.000316,0.218139,0.077962,0.244316,0.000316,1,0.58889292,,,,
1,0.029081,0.036016,0.162227,0.05226,0.006759,0.003315,0.045701,0.032707,0.590383,0.035314,0.022012,0.003443,0.028587,0.177464,0.000316,0.045169,0.63298,0.858989,0.216331,0.000316,0.000316,0.781057,0.921259,0.184002,0.998911,1,0.2345966,,,,
1,0.959943,0.959441,0.815146,0.94772,0.982473,0.000316,0.954108,0.962389,0.408701,0.976604,0.977659,0.99646,0.959898,0.820556,0.000316,0.954603,0.567104,0.140761,0.781249,0.000316,0.000316,0.218139,0.077962,0.215438,0.000316,1,0.58711736,,,,
1,0.029081,0.038028,0.179279,0.052262,0.006799,0.000316,0.045672,0.037043,0.590872,0.023372,0.022341,0.003537,0.029604,0.179295,0.000316,0.044955,0.61156,0.859068,0.216327,0.000316,0.000316,0.781769,0.921593,0.167988,0.998971,1,0.2336272,,,,
1,0.959943,0.960144,0.670898,0.947719,0.982473,0.000316,0.954107,0.962375,0.408701,0.976613,0.977649,0.99646,0.959898,0.82055,0.000316,0.954603,0.533216,0.140754,0.027039,0.000316,0.000316,0.218139,0.077962,0.197862,0.000316,1,0.5491474,,,,
1,0.31731,0.229934,0.112035,0.663592,0.000316,0.000316,0.813292,0.391006,0.790114,0.999704,0.791509,0.920135,0.441137,0.989399,0.000316,0.960295,0.441682,0.148487,0.008349,0.000316,0.000316,0.984982,0.994713,0.164672,0.981781,1,0.48582832,,,,
1,0.365358,0.347365,0.131926,0.003638,0.004641,0.000316,0.002801,0.001295,0.167914,0.000316,0.005337,0.005455,0.444723,0.009836,0.000316,0.038987,0.480069,0.956278,0.003244,0.000316,0.000316,0.012401,0.000892,0.153004,0.017318,1,0.12616248,,,,
1,0.36559,0.413203,0.153164,0.003831,0.000316,0.000316,0.003015,0.003758,0.176525,0.000316,0.005337,0.00547,0.446015,0.010588,0.000316,0.039648,0.492991,0.956288,0.008776,0.000316,0.000316,0.015016,0.000899,0.169449,0.017305,1,0.13155056,,,,
1,0.36559,0.413235,0.156597,0.003831,0.000316,0.000316,0.003016,0.003765,0.176528,0.000316,0.005337,0.005472,0.446169,0.01059,0.000316,0.039653,0.496653,0.956288,0.008776,0.000316,0.000316,0.015017,0.000903,0.160614,0.017321,1,0.13149004,,,,
1,0.623437,0.582407,0.840157,0.996152,0.988015,0.000316,0.001173,0.99615,0.823083,0.000316,0.005265,0.969221,0.543481,0.095128,0.000316,0.036749,0.450953,0.043253,0.988034,0.000316,0.000316,0.357678,0.000889,0.196092,0.003085,1,0.38167928,,,,
1,0.365556,0.4113,0.139404,0.002865,0.000316,0.000316,0.0025,0.008218,0.174244,0.976693,0.002773,0.004946,0.441799,0.010127,0.000316,0.034314,0.472763,0.956272,0.008774,0.000316,0.000316,0.013371,0.015831,0.189076,0.946043,1,0.20713796,,,,
1,0.623444,0.585041,0.840432,0.996152,0.989007,0.031662,0.996979,0.996182,0.823083,0.999966,0.994663,0.994528,0.543481,0.989404,0.000316,0.960325,0.413741,0.043512,0.988816,0.000316,0.000316,0.984982,0.998826,0.203945,0.981781,1,0.679236,,,,
1,0.365574,0.40593,0.117399,0.0036,0.002575,0.006348,0.001911,0.030063,0.171457,0.000316,0.005319,0.005333,0.444342,0.010022,0.000316,0.038188,0.480937,0.956287,0.008736,0.000316,0.000316,0.013777,0.000761,0.183443,0.016935,1,0.13080804,,,,
1,0.619309,0.58512,0.840432,0.996152,0.989007,0.000316,0.99698,0.996182,0.823083,0.999966,0.994657,0.994524,0.543481,0.989399,0.000316,0.960325,0.403869,0.043541,0.988816,0.000316,0.000316,0.984982,0.998826,0.217795,0.980913,1,0.67794492,,,,
1,0.623437,0.58512,0.840609,0.996153,0.989007,0.000316,0.996979,0.996182,0.823083,0.999966,0.994663,0.994528,0.543481,0.989399,0.000316,0.960325,0.424877,0.043508,0.988816,0.000316,0.000316,0.984982,0.998826,0.166584,0.981625,1,0.67693656,,,,
1,0.36559,0.413235,0.156545,0.003831,0.000316,0.000316,0.003016,0.003764,0.176528,0.000316,0.005337,0.005472,0.446171,0.01059,0.000316,0.039653,0.504062,0.956288,0.008776,0.000316,0.000316,0.015017,0.000903,0.152775,0.01732,1,0.13147076,,,,
1,0.623437,0.58512,0.840432,0.996152,0.989007,0.027388,0.996979,0.996182,0.823083,0.999966,0.994663,0.994528,0.543481,0.989399,0.000316,0.960325,0.411133,0.043541,0.988816,0.000316,0.000316,0.984982,0.998826,0.233536,0.981781,1,0.6801482,,,,
1,0.365588,0.411041,0.136941,0.003828,0.000316,0.003315,0.00283,0.001089,0.176002,0.058666,0.005008,0.005375,0.445004,0.008615,0.000316,0.039447,0.489273,0.956209,0.008765,0.000316,0.000316,0.014213,0.000395,0.173223,0.017209,1,0.132932,,,,
1,0.623437,0.584416,0.840432,0.996152,0.989007,0.000316,0.996979,0.996185,0.823083,0.999957,0.994663,0.994528,0.543481,0.989405,0.000316,0.960325,0.423397,0.043541,0.988816,0.000316,0.000316,0.984982,0.998826,0.204659,0.981469,1,0.67836016,,,,
1,0.365588,0.413053,0.153993,0.003829,0.000316,0.000316,0.002801,0.003247,0.176491,0.000316,0.005337,0.005469,0.446021,0.010447,0.000316,0.039233,0.467852,0.956288,0.00876,0.000316,0.000316,0.014925,0.00073,0.157209,0.01727,1,0.13001756,,,,
1,0.623437,0.58512,0.696184,0.996152,0.989007,0.000316,0.996978,0.996171,0.823083,0.999966,0.994653,0.994528,0.543481,0.989399,0.000316,0.960325,0.389509,0.043534,0.180528,0.000316,0.000316,0.984982,0.998826,0.187082,0.981665,1,0.63823496,,,,
1,0.395371,0.409739,0.165834,0.654797,0.040554,0.005033,0.755821,0.252002,0.028492,0.36757,0.785353,0.914188,0.097233,0.000421,0.000316,0.986296,0.568084,0.707892,0.315739,0.000316,0.000316,0.001624,0.471339,0.150277,0.753565,1,0.35312688,,,,
1,0.443419,0.16756,0.185725,0.012432,0.036101,0.005297,0.060272,0.137709,0.98652,0.632169,0.011494,0.011402,0.788627,0.998813,0.000316,0.012986,0.606472,0.0999,0.310634,0.000316,0.000316,0.995759,0.524266,0.138609,0.245533,1,0.29650588,,,,
1,0.443652,0.233398,0.206963,0.012626,0.041007,0.005297,0.060487,0.142762,0.995131,0.632167,0.011493,0.011418,0.789919,0.999565,0.000316,0.013648,0.619394,0.09991,0.316166,0.000316,0.000316,0.998374,0.524273,0.155054,0.245521,1,0.30236692,,,,
1,0.443652,0.23343,0.210395,0.012626,0.041007,0.005297,0.060488,0.142769,0.995133,0.632169,0.011494,0.011419,0.790073,0.999567,0.000316,0.013653,0.623056,0.09991,0.316166,0.000316,0.000316,0.998375,0.524277,0.146219,0.245536,1,0.30230636,,,,
1,0.545375,0.762212,0.786358,0.987357,0.947273,0.005297,0.058645,0.857146,0.004477,0.632168,0.011421,0.963274,0.199578,0.893849,0.000316,0.010748,0.577356,0.899632,0.680644,0.000316,0.000316,0.62568,0.522485,0.181697,0.225131,1,0.45515004,,,,
1,0.443618,0.231495,0.193202,0.01166,0.04099,0.005297,0.059972,0.130786,0.99285,0.344558,0.003383,0.010893,0.785703,0.999105,0.000316,0.008314,0.599166,0.099893,0.316164,0.000316,0.000316,0.996729,0.507543,0.174681,0.717828,1,0.30699112,,,,
1,0.545383,0.764846,0.786633,0.987357,0.948266,0.026365,0.939507,0.857178,0.004477,0.367831,0.988506,0.988581,0.199578,0.000427,0.000316,0.986326,0.540144,0.899891,0.681426,0.000316,0.000316,0.001624,0.475452,0.18955,0.753565,1,0.51735444,,,,
1,0.443636,0.226125,0.171198,0.012394,0.038167,0.001051,0.059382,0.108941,0.990063,0.632128,0.011475,0.01128,0.788246,0.998999,0.000316,0.012187,0.60734,0.099908,0.316126,0.000316,0.000316,0.997135,0.524135,0.169048,0.24515,1,0.29860248,,,,
1,0.541248,0.764924,0.786633,0.987357,0.948266,0.005297,0.939509,0.857178,0.004477,0.367831,0.988501,0.988576,0.199578,0.000421,0.000316,0.986326,0.530272,0.89992,0.681426,0.000316,0.000316,0.001624,0.475452,0.203399,0.752698,1,0.51647444,,,,
1,0.545375,0.764924,0.786811,0.987359,0.948266,0.005314,0.939507,0.857178,0.004477,0.367831,0.988506,0.988581,0.199578,0.000421,0.000316,0.986326,0.55128,0.899887,0.681426,0.000316,0.000316,0.001624,0.475452,0.152188,0.75341,1,0.51546676,,,,
1,0.443652,0.23343,0.210343,0.012626,0.041007,0.005297,0.060488,0.142768,0.995133,0.632169,0.011494,0.011419,0.790075,0.999567,0.000316,0.013652,0.630465,0.09991,0.316166,0.000316,0.000316,0.998375,0.524277,0.13838,0.245535,1,0.30228704,,,,
1,0.545375,0.764924,0.786633,0.987357,0.948266,0.022091,0.939507,0.857178,0.004477,0.367831,0.988506,0.988581,0.199578,0.000421,0.000316,0.986326,0.537535,0.89992,0.681426,0.000316,0.000316,0.001624,0.475452,0.219141,0.753565,1,0.51826648,,,,
1,0.443649,0.231236,0.19074,0.012622,0.040966,0.001983,0.060301,0.137915,0.994607,0.573468,0.011164,0.011323,0.788908,0.997593,0.000316,0.013446,0.615676,0.099831,0.316155,0.000316,0.000316,0.997571,0.523769,0.158828,0.245424,1,0.29872492,,,,
1,0.545375,0.764221,0.786633,0.987357,0.948266,0.005297,0.939507,0.857181,0.004477,0.367822,0.988506,0.988581,0.199578,0.000428,0.000316,0.986326,0.5498,0.89992,0.681426,0.000316,0.000316,0.001624,0.475452,0.190263,0.753254,1,0.51688968,,,,
1,0.443649,0.233248,0.207791,0.012624,0.041007,0.005297,0.060273,0.142251,0.995096,0.632154,0.011494,0.011416,0.789925,0.999424,0.000316,0.013232,0.594255,0.09991,0.31615,0.000316,0.000316,0.998283,0.524103,0.142813,0.245485,1,0.30083312,,,,
1,0.545375,0.764924,0.642386,0.987357,0.948266,0.005297,0.939506,0.857167,0.004477,0.367831,0.988496,0.988581,0.199578,0.000421,0.000316,0.986326,0.515911,0.899912,0.126862,0.000316,0.000316,0.001624,0.475452,0.172687,0.753449,1,0.48691332,,,,
